<?xml version="1.0" encoding="UTF-8" standalone="yes"?>
<addon id="plugin.program.xmldownloader" name="XML Downloader" version="1.1" provider-name="LB">
  <requires>
    <import addon="xbmc.python" version="2.1.0"/>
  </requires>
  <extension point="xbmc.python.pluginsource" library="default.py">
        <provides>executable</provides>
  </extension>
  <extension point="xbmc.addon.metadata">
		<summary lang="en">XML Downloader</summary>
        <description lang="en">Simple tool to download the advancedsettings xml for Kodi 17 as well as older versions.</description>
        <disclaimer>Use at your own risk!</disclaimer>
		<platform>all</platform>
        <news>1.1 (2016-9-03)
            - Added Advanced Settings for Older Version
            1.0 (2016-8-24)
            - Initial Release</news>
        <assets>
            <icon>icon.png</icon>
        </assets>
	</extension>
</addon>
