<?xml version="1.0" encoding="UTF-8" standalone="yes"?>
<addon id="repository.kryptonrepository" name="Krypton Repository" version="1.1" provider-name="LB">
	<extension point="xbmc.addon.repository" name="Krypton Repository">
        <info compressed="false">http://lbtechtips.com/krypton/files/addons.xml</info>
        <checksum>http://lbtechtips.com/krypton/files/addons.xml.md5</checksum>
		<datadir zip="true">http://lbtechtips.com/krypton/files/</datadir>
	</extension>
	<extension point="xbmc.addon.metadata">
		<summary>Krypton Repository</summary>
		<description>Official Repository of lbtechtips.com</description>
		<platform>all</platform>
        <news>1.1 (2016-8-24)
            - Support for Kodi 17.0</news>
        <assets>
            <icon>icon.png</icon>
        </assets>
	</extension>
</addon>

